{

    "metadata" :
    {
        "formatVersion" : 3.1,
        "sourceFile"    : "cube.obj",
        "generatedBy"   : "OBJConverter",
        "vertices"      : 8,
        "faces"         : 12,
        "normals"       : 6,
        "colors"        : 0,
        "uvs"           : 14,
        "materials"     : 0
    },

    "scale" : 1.000000,

    "materials": [	{
	"DbgColor" : 15658734,
	"DbgIndex" : 0,
	"DbgName" : "default"
	}],

    "vertices": [0.000000,0.000000,0.000000,0.000000,0.000000,1.000000,0.000000,1.000000,0.000000,0.000000,1.000000,1.000000,1.000000,0.000000,0.000000,1.000000,0.000000,1.000000,1.000000,1.000000,0.000000,1.000000,1.000000,1.000000],

    "morphTargets": [],

    "morphColors": [],

    "normals": [0,0,1,0,0,-1,0,1,0,0,-1,0,1,0,0,-1,0,0],

    "colors": [],

    "uvs": [[0.25,0,0.5,0,0,0.25,0.25,0.25,0.5,0.25,0.75,0.25,0,0.5,0.25,0.5,0.5,0.5,0.75,0.5,0.25,0.75,0.5,0.75,0.25,1,0.5,1]],

    "faces": [42,0,6,4,0,10,13,11,1,1,1,42,0,2,6,0,10,12,13,1,1,1,42,0,3,2,0,6,3,2,5,5,5,42,0,1,3,0,6,7,3,5,5,5,42,2,7,6,0,0,4,1,2,2,2,42,2,3,7,0,0,3,4,2,2,2,42,4,6,7,0,9,5,4,4,4,4,42,4,7,5,0,9,4,8,4,4,4,42,0,4,5,0,10,11,8,3,3,3,42,0,5,1,0,10,8,7,3,3,3,42,1,5,7,0,7,8,4,0,0,0,42,1,7,3,0,7,4,3,0,0,0]

}
