{

    "metadata" :
    {
        "formatVersion" : 3.1,
        "sourceFile"    : "icosphere.obj",
        "generatedBy"   : "OBJConverter",
        "vertices"      : 42,
        "faces"         : 80,
        "normals"       : 80,
        "colors"        : 0,
        "uvs"           : 0,
        "materials"     : 0
    },

    "scale" : 1.000000,

    "materials": [	{
	"DbgColor" : 15658734,
	"DbgIndex" : 0,
	"DbgName" : "default"
	}],

    "vertices": [0.000000,-1.000000,0.000000,0.723607,-0.447220,0.525725,-0.276388,-0.447220,0.850649,-0.894426,-0.447216,0.000000,-0.276388,-0.447220,-0.850649,0.723607,-0.447220,-0.525725,0.276388,0.447220,0.850649,-0.723607,0.447220,0.525725,-0.723607,0.447220,-0.525725,0.276388,0.447220,-0.850649,0.894426,0.447216,0.000000,0.000000,1.000000,0.000000,-0.162456,-0.850654,0.499995,0.425323,-0.850654,0.309011,0.262869,-0.525738,0.809012,0.850648,-0.525736,0.000000,0.425323,-0.850654,-0.309011,-0.525730,-0.850652,0.000000,-0.688189,-0.525736,0.499997,-0.162456,-0.850654,-0.499995,-0.688189,-0.525736,-0.499997,0.262869,-0.525738,-0.809012,0.951058,0.000000,0.309013,0.951058,0.000000,-0.309013,0.000000,0.000000,1.000000,0.587786,0.000000,0.809017,-0.951058,0.000000,0.309013,-0.587786,0.000000,0.809017,-0.587786,0.000000,-0.809017,-0.951058,0.000000,-0.309013,0.587786,0.000000,-0.809017,0.000000,0.000000,-1.000000,0.688189,0.525736,0.499997,-0.262869,0.525738,0.809012,-0.850648,0.525736,0.000000,-0.262869,0.525738,-0.809012,0.688189,0.525736,-0.499997,0.162456,0.850654,0.499995,0.525730,0.850652,0.000000,-0.425323,0.850654,0.309011,-0.425323,0.850654,-0.309011,0.162456,0.850654,-0.499995],

    "morphTargets": [],

    "morphColors": [],

    "normals": [0.1024,-0.9435,0.3151,0.7002,-0.6617,0.268,-0.268,-0.9435,0.1947,-0.268,-0.9435,-0.1947,0.1024,-0.9435,-0.3151,0.905,-0.3304,0.268,0.0247,-0.3304,0.9435,-0.8897,-0.3304,0.3151,-0.5746,-0.3304,-0.7488,0.5346,-0.3304,-0.7779,0.8026,-0.1256,0.5831,-0.3066,-0.1256,0.9435,-0.9921,-0.1256,0,-0.3066,-0.1256,-0.9435,0.8026,-0.1256,-0.5831,0.4089,0.6617,0.6284,-0.4713,0.6617,0.5831,-0.7002,0.6617,-0.268,0.0385,0.6617,-0.7488,0.724,0.6617,-0.1947,0.268,0.9435,-0.1947,0.4911,0.7947,-0.3568,0.4089,0.6617,-0.6284,-0.1024,0.9435,-0.3151,-0.1876,0.7947,-0.5773,-0.4713,0.6617,-0.5831,-0.3313,0.9435,0,-0.6071,0.7947,0,-0.7002,0.6617,0.268,-0.1024,0.9435,0.3151,-0.1876,0.7947,0.5773,0.0385,0.6617,0.7488,0.268,0.9435,0.1947,0.4911,0.7947,0.3568,0.724,0.6617,0.1947,0.8897,0.3304,-0.3151,0.7947,0.1876,-0.5773,0.5746,0.3304,-0.7488,-0.0247,0.3304,-0.9435,-0.3035,0.1876,-0.9342,-0.5346,0.3304,-0.7779,-0.905,0.3304,-0.268,-0.9822,0.1876,0,-0.905,0.3304,0.268,-0.5346,0.3304,0.7779,-0.3035,0.1876,0.9342,-0.0247,0.3304,0.9435,0.5746,0.3304,0.7488,0.7947,0.1876,0.5773,0.8897,0.3304,0.3151,0.3066,0.1256,-0.9435,0.3035,-0.1876,-0.9342,0.0247,-0.3304,-0.9435,-0.8026,0.1256,-0.5831,-0.7947,-0.1876,-0.5773,-0.8897,-0.3304,-0.3151,-0.8026,0.1256,0.5831,-0.7947,-0.1876,0.5773,-0.5746,-0.3304,0.7488,0.3066,0.1256,0.9435,0.3035,-0.1876,0.9342,0.5346,-0.3304,0.7779,0.9921,0.1256,0,0.9822,-0.1876,0,0.905,-0.3304,-0.268,0.4713,-0.6617,-0.5831,0.1876,-0.7947,-0.5773,-0.0385,-0.6617,-0.7488,-0.4089,-0.6617,-0.6284,-0.4911,-0.7947,-0.3568,-0.724,-0.6617,-0.1947,-0.724,-0.6617,0.1947,-0.4911,-0.7947,0.3568,-0.4089,-0.6617,0.6284,0.7002,-0.6617,-0.268,0.6071,-0.7947,0,0.3313,-0.9435,0,-0.0385,-0.6617,0.7488,0.1876,-0.7947,0.5773,0.4713,-0.6617,0.5831],

    "colors": [],

    "uvs": [[]],

    "faces": [34,0,13,12,0,0,0,0,34,1,13,15,0,1,1,1,34,0,12,17,0,2,2,2,34,0,17,19,0,3,3,3,34,0,19,16,0,4,4,4,34,1,15,22,0,5,5,5,34,2,14,24,0,6,6,6,34,3,18,26,0,7,7,7,34,4,20,28,0,8,8,8,34,5,21,30,0,9,9,9,34,1,22,25,0,10,10,10,34,2,24,27,0,11,11,11,34,3,26,29,0,12,12,12,34,4,28,31,0,13,13,13,34,5,30,23,0,14,14,14,34,6,32,37,0,15,15,15,34,7,33,39,0,16,16,16,34,8,34,40,0,17,17,17,34,9,35,41,0,18,18,18,34,10,36,38,0,19,19,19,34,38,41,11,0,20,20,20,34,38,36,41,0,21,21,21,34,36,9,41,0,22,22,22,34,41,40,11,0,23,23,23,34,41,35,40,0,24,24,24,34,35,8,40,0,25,25,25,34,40,39,11,0,26,26,26,34,40,34,39,0,27,27,27,34,34,7,39,0,28,28,28,34,39,37,11,0,29,29,29,34,39,33,37,0,30,30,30,34,33,6,37,0,31,31,31,34,37,38,11,0,32,32,32,34,37,32,38,0,33,33,33,34,32,10,38,0,34,34,34,34,23,36,10,0,35,35,35,34,23,30,36,0,36,36,36,34,30,9,36,0,37,37,37,34,31,35,9,0,38,38,38,34,31,28,35,0,39,39,39,34,28,8,35,0,40,40,40,34,29,34,8,0,41,41,41,34,29,26,34,0,42,42,42,34,26,7,34,0,43,43,43,34,27,33,7,0,44,44,44,34,27,24,33,0,45,45,45,34,24,6,33,0,46,46,46,34,25,32,6,0,47,47,47,34,25,22,32,0,48,48,48,34,22,10,32,0,49,49,49,34,30,31,9,0,50,50,50,34,30,21,31,0,51,51,51,34,21,4,31,0,52,52,52,34,28,29,8,0,53,53,53,34,28,20,29,0,54,54,54,34,20,3,29,0,55,55,55,34,26,27,7,0,56,56,56,34,26,18,27,0,57,57,57,34,18,2,27,0,58,58,58,34,24,25,6,0,59,59,59,34,24,14,25,0,60,60,60,34,14,1,25,0,61,61,61,34,22,23,10,0,62,62,62,34,22,15,23,0,63,63,63,34,15,5,23,0,64,64,64,34,16,21,5,0,65,65,65,34,16,19,21,0,66,66,66,34,19,4,21,0,67,67,67,34,19,20,4,0,68,68,68,34,19,17,20,0,69,69,69,34,17,3,20,0,70,70,70,34,17,18,3,0,71,71,71,34,17,12,18,0,72,72,72,34,12,2,18,0,73,73,73,34,15,16,5,0,74,74,74,34,15,13,16,0,75,75,75,34,13,0,16,0,76,76,76,34,12,14,2,0,77,77,77,34,12,13,14,0,78,78,78,34,13,1,14,0,79,79,79]

}
